Workbook

Sheet الملخص
A1: تقرير جرد - PH29 - Moaz Pharmacy 29
A3: اسم الجرد | B3: جرد ٦ أكتوبر ٢٠٢٦ دواء
A4: نوع الجرد | B4: حسب التصنيف
A5: التصنيفات | B5: دواء
A6: الموردين | B6: -
A7: بداية الجرد | B7: 2026-10-06 03:17
A8: حالة التقرير | B8: نهائي - اتقفل 2026-10-06 03:25
A10: البند | B10: عدد الأصناف | C10: القيمة بسعر البيع
A11: يحتاج إعادة عد | B11: =COUNTIF('التفاصيل'!$J$2:$J$1606,"يحتاج إعادة عد") | C11: =SUMIF('التفاصيل'!$J$2:$J$1606,"يحتاج إعادة عد",'التفاصيل'!$I$2:$I$1606)
A12: مطابق | B12: =COUNTIF('التفاصيل'!$J$2:$J$1606,"مطابق") | C12: -
A13: عجز | B13: =COUNTIF('التفاصيل'!$J$2:$J$1606,"عجز") | C13: =SUMIF('التفاصيل'!$J$2:$J$1606,"عجز",'التفاصيل'!$I$2:$I$1606)
A14: لم يُجرد (موجود بالنظام ومتلقاش) | B14: =COUNTIF('التفاصيل'!$J$2:$J$1606,"لم يُجرد") | C14: =SUMIF('التفاصيل'!$J$2:$J$1606,"لم يُجرد",'التفاصيل'!$I$2:$I$1606)
A15: زيادة | B15: =COUNTIF('التفاصيل'!$J$2:$J$1606,"زيادة") | C15: =SUMIF('التفاصيل'!$J$2:$J$1606,"زيادة",'التفاصيل'!$I$2:$I$1606)
A16: رصيد سالب بالنظام | B16: =COUNTIF('التفاصيل'!$J$2:$J$1606,"رصيد سالب بالنظام") | C16: =SUMIF('التفاصيل'!$J$2:$J$1606,"رصيد سالب بالنظام",'التفاصيل'!$I$2:$I$1606)
A17: الإجمالي (القيمة = صافي الفرق من غير أصناف إعادة العد) | B17: =SUM(B11:B16) | C17: =SUM('التفاصيل'!$I$2:$I$1606)-SUMIF('التفاصيل'!$J$2:$J$1606,"يحتاج إعادة عد",'التفاصيل'!$I$2:$I$1606)
A18: نسبة المطابقة | B18: =IF(B17=0,0,B12/B17)
A20: ملاحظة: الدفتري وقت العد = رصيد جوليب الآن − صافي حركة المخزون بعد العد (مبيعات، مرتجعات، تحويلات، استلام، تسويات). "يحتاج إعادة عد" = الصنف اتحرك في جوليب بين أول وآخر مسحة ليه، ومش معروف الحركة كانت من مكان اتعد ولا لأ.

Sheet التفاصيل
A1: الكود | B1: الصنف | C1: التصنيف | D1: الباركود | E1: الدفتري وقت العد | F1: الكمية الفعلية | G1: الفرق | H1: سعر البيع | I1: قيمة الفرق بسعر البيع | J1: الحالة | K1: صافي حركة المخزون بعد العد | L1: رصيد جوليب الآن | M1: تفاصيل الحركة | N1: المواقع
A2: 0003663 | B2: [0003663] FLUDREX 24 TAB | C2: دواء | D2: 062850850015601723 | E2: =L2-K2 | F2: 132 | G2: =F2-E2 | H2: 12.3 | I2: =G2*H2 | J2: يحتاج إعادة عد | K2: -1 | L2: 132 | M2: أثناء عد الصنف (مش معروف من أنهي مكان): مبيعات −1 | N2: رف 4
A3: 0003369 | B3: [0003369] KLAVOX 1GM TAB 14 TAB | C3: دواء | D3: 06281086011508 | E3: =L3-K3 | F3: 0 | G3: =F3-E3 | H3: 70.65 | I3: =G3*H3 | J3: لم يُجرد | K3: 0 | L3: 171.5
A4: 00022817 | B4: [00022817] AVALON SALINOSE PLUS JET N. SPRAY 75 ML WASFA | C4: دواء | D4: 6285095009747 | E4: =L4-K4 | F4: 0 | G4: =F4-E4 | H4: 55 | I4: =G4*H4 | J4: لم يُجرد | K4: 0 | L4: 227
A5: 0003444 | B5: [0003444] HYMOX 500MG 20 CAPS | C5: دواء | E5: =L5-K5 | F5: 0 | G5: =F5-E5 | H5: 40.4 | I5: =G5*H5 | J5: لم يُجرد | K5: 0 | L5: 129.5
A6: 0004413 | B6: [0004413] ACILOC 20MG 14CAP WASFA | C6: دواء | D6: 06285128017503 | E6: =L6-K6 | F6: 0 | G6: =F6-E6 | H6: 45.95 | I6: =G6*H6 | J6: لم يُجرد | K6: 0 | L6: 218
A7: 0005677 | B7: [0005677] MEGAMOX 625 MG 20 TAB | C7: دواء | D7: 06285101000683 | E7: =L7-K7 | F7: 0 | G7: =F7-E7 | H7: 57.4 | I7: =G7*H7 | J7: لم يُجرد | K7: 0 | L7: 90
A8: 0005054 | B8: [0005054] ROFENAC D 50 MG 20 TAB | C8: دواء | D8: 06281086010457 | E8: =L8-K8 | F8: 0 | G8: =F8-E8 | H8: 29.55 | I8: =G8*H8 | J8: لم يُجرد | K8: 0 | L8: 163.25
A9: 00021703 | B9: [00021703] FUSIBACT B CREAM 30 GRAM WASFA | C9: دواء | D9: 06285128018005 | E9: =L9-K9 | F9: 0 | G9: =F9-E9 | H9: 25.8 | I9: =G9*H9 | J9: لم يُجرد | K9: 0 | L9: 238
A10: 00021654 | B10: [00021654] JP OMEGA3 1000MG 60CAP | C10: دواء | D10: 06285128015714 | E10: =L10-K10 | F10: 0 | G10: =F10-E10 | H10: 160 | I10: =G10*H10 | J10: لم يُجرد | K10: 0 | L10: 28
A11: 0003483 | B11: [0003483] HIQUIN 4% CREAM WASFA | C11: دواء | D11: 06285128000482 | E11: =L11-K11 | F11: 0 | G11: =F11-E11 | H11: 29.25 | I11: =G11*H11 | J11: لم يُجرد | K11: 0 | L11: 155
A12: 0004050 | B12: [0004050] ELICA M CREAM 30GM WASFA | C12: دواء | D12: 67021207260700 | E12: =L12-K12 | F12: 0 | G12: =F12-E12 | H12: 30.35 | I12: =G12*H12 | J12: لم يُجرد | K12: 0 | L12: 248
A13: 0003862 | B13: [0003862] EVRA TRANSDERMAL 3 PATCHES | C13: دواء | D13: 05997001375204 | E13: =L13-K13 | F13: 0 | G13: =F13-E13 | H13: 37.25 | I13: =G13*H13 | J13: لم يُجرد | K13: 0 | L13: 97
A14: 00016296 | B14: [00016296] HYFRESH SUD EYE GEL | C14: دواء | E14: =L14-K14 | F14: 0 | G14: =F14-E14 | H14: 46.1 | I14: =G14*H14 | J14: لم يُجرد | K14: 0 | L14: 72
A15: 00019041 | B15: [00019041] LORINASE D 2.5/120MG 20TAB | C15: دواء | E15: =L15-K15 | F15: 0 | G15: =F15-E15 | H15: 24.6 | I15: =G15*H15 | J15: لم يُجرد | K15: 0 | L15: 130
A16: 0004275 | B16: [0004275] CLARA 10MG 10TAB WASFA | C16: دواء | D16: 06285128000260 | E16: =L16-K16 | F16: 0 | G16: =F16-E16 | H16: 17.65 | I16: =G16*H16 | J16: لم يُجرد | K16: 0 | L16: 177
A17: 00039821 | B17: [00039821] AVOTRENE EMULGEL 100GM | C17: دواء | D17: 06285095010859 | E17: =L17-K17 | F17: 0 | G17: =F17-E17 | H17: 24.7 | I17: =G17*H17 | J17: لم يُجرد | K17: 0 | L17: 156
A18: 0003374 | B18: [0003374] KLAVOX 625 MG 20 TAB | C18: دواء | D18: 06281086010754 | E18: =L18-K18 | F18: 0 | G18: =F18-E18 | H18: 57.4 | I18: =G18*H18 | J18: لم يُجرد | K18: 0 | L18: 53
A19: 00020016 | B19: [00020016] JP HEMADID 200MG 120TAB WASFA | C19: دواء | E19: =L19-K19 | F19: 0 | G19: =F19-E19 | H19: 63.15 | I19: =G19*H19 | J19: لم يُجرد | K19: 0 | L19: 45
A20: 00014706 | B20: [00014706] JAVINO MOIST CREAM 100 GM | C20: دواء | D20: 06285128002707 | E20: =L20-K20 | F20: 0 | G20: =F20-E20 | H20: 85 | I20: =G20*H20 | J20: لم يُجرد | K20: 0 | L20: 40
A21: 0003863 | B21: [0003863] ERECTA 100MG F.C TAB | C21: دواء | D21: 06285128001021 | E21: =L21-K21 | F21: 0 | G21: =F21-E21 | H21: 48.55 | I21: =G21*H21 | J21: لم يُجرد | K21: 0 | L21: 76
A22: 0005491 | B22: [0005491] NEORIN 5MG 20 TAB | C22: دواء | D22: 06281086002513 | E22: =L22-K22 | F22: 0 | G22: =F22-E22 | H22: 25.9 | I22: =G22*H22 | J22: لم يُجرد | K22: 0 | L22: 91.5
A23: 0004805 | B23: [0004805] SNAFI 20 MG 4 TAB | C23: دواء | D23: 06281086001783 | E23: =L23-K23 | F23: 0 | G23: =F23-E23 | H23: 88.95 | I23: =G23*H23 | J23: لم يُجرد | K23: 0 | L23: 24.16
A24: 00024238 | B24: [00024238] JP CO Q10 200 MG 30CAP 487 | C24: دواء | D24: 6281200000487 | E24: =L24-K24 | F24: 0 | G24: =F24-E24 | H24: 188 | I24: =G24*H24 | J24: لم يُجرد | K24: 0 | L24: 11
A25: 0005834 | B25: [0005834] LUSTRAL 50MG 30 TAB | C25: دواء | E25: =L25-K25 | F25: 0 | G25: =F25-E25 | H25: 95.7 | I25: =G25*H25 | J25: لم يُجرد | K25: 0 | L25: 20
A26: 0005186 | B26: [0005186] RELAXON 250MG 30 CAPS WASFA | C26: دواء | D26: 010628512800076510ul | E26: =L26-K26 | F26: 0 | G26: =F26-E26 | H26: 27.75 | I26: =G26*H26 | J26: لم يُجرد | K26: 0 | L26: 114.67
A27: 0005649 | B27: [0005649] AVALON AVOHEX M/W 300ML | C27: دواء | D27: 6285095000294 | E27: =L27-K27 | F27: 0 | G27: =F27-E27 | H27: 37 | I27: =G27*H27 | J27: لم يُجرد | K27: 0 | L27: 94
A28: 0005663 | B28: [0005663] MEBO OINTMENT 15 GM | C28: دواء | D28: 06291100083367 | E28: =L28-K28 | F28: 0 | G28: =F28-E28 | H28: 45 | I28: =G28*H28 | J28: لم يُجرد | K28: 0 | L28: 39
A29: 0005616 | B29: [0005616] AVALON AVOGAIN 5% 50ML WASFA | C29: دواء | D29: 6285095004629 | E29: =L29-K29 | F29: 0 | G29: =F29-E29 | H29: 33.8 | I29: =G29*H29 | J29: لم يُجرد | K29: 0 | L29: 71
A30: 0005385 | B30: [0005385] AZI-ONCE 250MG 6 CAPS WASFA | C30: دواء | D30: 06285128000178 | E30: =L30-K30 | F30: 0 | G30: =F30-E30 | H30: 50.65 | I30: =G30*H30 | J30: لم يُجرد | K30: 0 | L30: 61
A31: 0004304 | B31: [0004304] CATAFAST 50MG 9 SACHETS | C31: دواء | D31: 07612797011409 | E31: =L31-K31 | F31: 0 | G31: =F31-E31 | H31: 18 | I31: =G31*H31 | J31: لم يُجرد | K31: 0 | L31: 99.5
A32: 0005647 | B32: [0005647] MARVELON 21 TAB***** | C32: دواء | D32: 00840164521337 | E32: =L32-K32 | F32: 0 | G32: =F32-E32 | H32: 14.6 | I32: =G32*H32 | J32: لم يُجرد | K32: 0 | L32: 99
A33: 0005242 | B33: [0005242] PRIMOLUT N 5 MG 30 TAB***** | C33: دواء | D33: 06285074004145 | E33: =L33-K33 | F33: 0 | G33: =F33-E33 | H33: 18.4 | I33: =G33*H33 | J33: لم يُجرد | K33: 0 | L33: 91
A34: 0004485 | B34: [0004485] ZIMAX 250 MG 6 CAP | C34: دواء | E34: =L34-K34 | F34: 0 | G34: =F34-E34 | H34: 62.8 | I34: =G34*H34 | J34: لم يُجرد | K34: 0 | L34: 26
A35: 00020484 | B35: [00020484] REXOFIL 20 MG 4TAB | C35: دواء | E35: =L35-K35 | F35: 0 | G35: =F35-E35 | H35: 64.85 | I35: =G35*H35 | J35: لم يُجرد | K35: 0 | L35: 76.75
A36: 00047345 | B36: [00047345] TOUJEO 300 IUML SOLU FOR INJ PREFILLED 5 PEN | C36: دواء | E36: =L36-K36 | F36: 0 | G36: =F36-E36 | H36: 356.35 | I36: =G36*H36 | J36: لم يُجرد | K36: 0 | L36: 4
A37: 00014742 | B37: [00014742] SNAFI 5 MG 30 TAB | C37: دواء | E37: =L37-K37 | F37: 0 | G37: =F37-E37 | H37: 136.15 | I37: =G37*H37 | J37: لم يُجرد | K37: 0 | L37: 9.75
A38: 0003373 | B38: [0003373] KLAVOX 457MG SUSPENSION 70ML | C38: دواء | D38: 06281086011751 | E38: =L38-K38 | F38: 0 | G38: =F38-E38 | H38: 26.65 | I38: =G38*H38 | J38: لم يُجرد | K38: 0 | L38: 52
A39: 0005855 | B39: [0005855] AVALON AVOCOM-M CREAM 50 G | C39: دواء | D39: 06285095008344 | E39: =L39-K39 | F39: 0 | G39: =F39-E39 | H39: 37.25 | I39: =G39*H39 | J39: لم يُجرد | K39: 0 | L39: 37
A40: 00026208 | B40: [00026208] PRIMA D 5000 IU 60CAP WASFA | C40: دواء | E40: =L40-K40 | F40: 0 | G40: =F40-E40 | H40: 33 | I40: =G40*H40 | J40: لم يُجرد | K40: 0 | L40: 57
A41: 00017014 | B41: [00017014] ZORON 8MG TAB WASFA | C41: دواء | D41: 06285128003285 | E41: =L41-K41 | F41: 0 | G41: =F41-E41 | H41: 151.5 | I41: =G41*H41 | J41: لم يُجرد | K41: 0 | L41: 9
A42: 00013976 | B42: [00013976] JP VERATOL SOFTGEL CAPS | C42: دواء | D42: 06285128002424 | E42: =L42-K42 | F42: 0 | G42: =F42-E42 | H42: 211 | I42: =G42*H42 | J42: لم يُجرد | K42: 0 | L42: 6
A43: 00028064 | B43: [00028064] PROLIFE SHIELD 30SACHETS | C43: دواء | D43: 8809110408285 | E43: =L43-K43 | F43: 0 | G43: =F43-E43 | H43: 139 | I43: =G43*H43 | J43: لم يُجرد | K43: 0 | L43: 9
A44: 0005195 | B44: [0005195] REMOX 500MG 20 CAPS | C44: دواء | E44: =L44-K44 | F44: 0 | G44: =F44-E44 | H44: 43.6 | I44: =G44*H44 | J44: لم يُجرد | K44: 0 | L44: 29
A45: 00044121 | B45: [00044121] BEPANTHEN CREAM 100G BUY 2 PACK 4190 | C45: دواء | D45: 6285074004190 | E45: =L45-K45 | F45: 0 | G45: =F45-E45 | H45: 109.34 | I45: =G45*H45 | J45: لم يُجرد | K45: 0 | L45: 11
A46: 0005055 | B46: [0005055] ROFENAC GEL 50 GM | C46: دواء | D46: 06281086010662 | E46: =L46-K46 | F46: 0 | G46: =F46-E46 | H46: 13.45 | I46: =G46*H46 | J46: لم يُجرد | K46: 0 | L46: 91
A47: 00020471 | B47: [00020471] APISAL JET DEAD SEA BABY 125ML | C47: دواء | D47: 6251151001369 | E47: =L47-K47 | F47: 0 | G47: =F47-E47 | H47: 65 | I47: =G47*H47 | J47: لم يُجرد | K47: 0 | L47: 18
A48: 0005288 | B48: [0005288] PLAVIX 75MG 28 TAB****** | C48: دواء | D48: 06285088000911 | E48: =L48-K48 | F48: 0 | G48: =F48-E48 | H48: 230 | I48: =G48*H48 | J48: لم يُجرد | K48: 0 | L48: 5
A49: 0003270 | B49: [0003270] LEJAM 60 MG TAB | C49: دواء | D49: 06281086012901 | E49: =L49-K49 | F49: 0 | G49: =F49-E49 | H49: 67 | I49: =G49*H49 | J49: لم يُجرد | K49: 0 | L49: 16.75
A50: 0003815 | B50: [0003815] AMLOCARD 5MG TAB .30S | C50: دواء | D50: 06285104000062 | E50: =L50-K50 | F50: 0 | G50: =F50-E50 | H50: 26.45 | I50: =G50*H50 | J50: لم يُجرد | K50: 0 | L50: 42
A51: 00019042 | B51: [00019042] PEPTAZOL 15MG 28 CAPS | C51: دواء | E51: =L51-K51 | F51: 0 | G51: =F51-E51 | H51: 45.9 | I51: =G51*H51 | J51: لم يُجرد | K51: 0 | L51: 24
A52: 0005847 | B52: [0005847] AVALON ALPHA PLUS CREAM 30GM | C52: دواء | D52: 06285095006579 | E52: =L52-K52 | F52: 0 | G52: =F52-E52 | H52: 65.25 | I52: =G52*H52 | J52: لم يُجرد | K52: 0 | L52: 14
A53: 00017464 | B53: [00017464] PRIORIN -N 90SCAPS | C53: دواء | D53: 06285074004725 | E53: =L53-K53 | F53: 0 | G53: =F53-E53 | H53: 86.55 | I53: =G53*H53 | J53: لم يُجرد | K53: 0 | L53: 12
A54: 00020472 | B54: [00020472] APISAL JET DEAD SEA AD/CHI 125ML SPRY | C54: دواء | D54: 6251151001352 | E54: =L54-K54 | F54: 0 | G54: =F54-E54 | H54: 65 | I54: =G54*H54 | J54: لم يُجرد | K54: 0 | L54: 16
A55: 00017044 | B55: [00017044] AVALON ACTIV ORIGINAL CR.100ML- | C55: دواء | D55: 6285095000126 | E55: =L55-K55 | F55: 0 | G55: =F55-E55 | H55: 55 | I55: =G55*H55 | J55: لم يُجرد | K55: 0 | L55: 40
A56: 0005298 | B56: [0005298] PANADOL NIGHT 20 CABLET | C56: دواء | D56: 06285096002877 | E56: =L56-K56 | F56: 0 | G56: =F56-E56 | H56: 11.6 | I56: =G56*H56 | J56: لم يُجرد | K56: 0 | L56: 91.5
A57: 00040735 | B57: [00040735] WEGOVY 0.5 MG PEN | C57: دواء | E57: =L57-K57 | F57: 0 | G57: =F57-E57 | H57: 481.45 | I57: =G57*H57 | J57: لم يُجرد | K57: 0 | L57: 2
A58: 0005265 | B58: [0005265] PEPTAZOL 30MG 28 CAP | C58: دواء | D58: 01062810860012401010 | E58: =L58-K58 | F58: 0 | G58: =F58-E58 | H58: 91.9 | I58: =G58*H58 | J58: لم يُجرد | K58: 0 | L58: 10.75
A59: 0003449 | B59: [0003449] IVY CALM SYRUP 120ML | C59: دواء | D59: 06291100087372 | E59: =L59-K59 | F59: 0 | G59: =F59-E59 | H59: 38 | I59: =G59*H59 | J59: لم يُجرد | K59: 0 | L59: 27
A60: 0003269 | B60: [0003269] LEJAM 30 MG 4TAB | C60: دواء | D60: 01062810860028961012 | E60: =L60-K60 | F60: 0 | G60: =F60-E60 | H60: 67 | I60: =G60*H60 | J60: لم يُجرد | K60: 0 | L60: 15.25
A61: 0005490 | B61: [0005490] NEORIN 2.5MG/5ML SYRUP 150ML | C61: دواء | D61: 06281086002063 | E61: =L61-K61 | F61: 0 | G61: =F61-E61 | H61: 22.7 | I61: =G61*H61 | J61: لم يُجرد | K61: 0 | L61: 45
A62: 00024298 | B62: [00024298] JP OMEGA3 567MG 60CAP | C62: دواء | D62: 06285128011723 | E62: =L62-K62 | F62: 0 | G62: =F62-E62 | H62: 110 | I62: =G62*H62 | J62: لم يُجرد | K62: 0 | L62: 9
A63: 0003777 | B63: [0003777] FEVADOL SF SYRUP 145 ML | C63: دواء | D63: 06281086010938 | E63: =L63-K63 | F63: 0 | G63: =F63-E63 | H63: 13.35 | I63: =G63*H63 | J63: لم يُجرد | K63: 0 | L63: 97
A64: 00018605 | B64: [00018605] PANADREX 500MG 48TAB. | C64: دواء | D64: 06285085001010 | E64: =L64-K64 | F64: 0 | G64: =F64-E64 | H64: 9.4 | I64: =G64*H64 | J64: لم يُجرد | K64: 0 | L64: 114
A65: 00024872 | B65: [00024872] JP GLAVOLEAN 300 MG 60 CAP | C65: دواء | D65: 06285128006279 | E65: =L65-K65 | F65: 0 | G65: =F65-E65 | H65: 489 | I65: =G65*H65 | J65: لم يُجرد | K65: 0 | L65: 2
A66: 0004845 | B66: [0004845] STREPSILS EXTRA 24-TAB LOZ | C66: دواء | D66: 5000158102903 | E66: =L66-K66 | F66: 0 | G66: =F66-E66 | H66: 44 | I66: =G66*H66 | J66: لم يُجرد | K66: 0 | L66: 22
A67: 0003459 | B67: [0003459] HYFRESH EYE DROPS 10ML****** | C67: دواء | D67: 06285128000499 | E67: =L67-K67 | F67: 0 | G67: =F67-E67 | H67: 34.15 | I67: =G67*H67 | J67: لم يُجرد | K67: 0 | L67: 29
A68: 0005410 | B68: [0005410] OMNIC OCAS 0.4MG 30TAB***** | C68: دواء | E68: =L68-K68 | F68: 0 | G68: =F68-E68 | H68: 71.7 | I68: =G68*H68 | J68: لم يُجرد | K68: 0 | L68: 13
A69: 00045718 | B69: [00045718] OMERAL 20MG 14CAP | C69: دواء | E69: =L69-K69 | F69: 0 | G69: =F69-E69 | H69: 45.95 | I69: =G69*H69 | J69: لم يُجرد | K69: 0 | L69: 21
A70: 0005065 | B70: [0005065] AVALON RHINASE AQUEOUS NASAL SPRAY | C70: دواء | D70: 06285095005701 | E70: =L70-K70 | F70: 0 | G70: =F70-E70 | H70: 24.7 | I70: =G70*H70 | J70: لم يُجرد | K70: 0 | L70: 39
A71: 00020591 | B71: [00020591] D-SEUL 50,000IU 20CAP | C71: دواء | D71: 06286219000572 | E71: =L71-K71 | F71: 0 | G71: =F71-E71 | H71: 64.1 | I71: =G71*H71 | J71: لم يُجرد | K71: 0 | L71: 15
A72: 00020134 | B72: [00020134] OZEMPIC 1 MG PEN | C72: دواء | E72: =L72-K72 | F72: 0 | G72: =F72-E72 | H72: 418.65 | I72: =G72*H72 | J72: لم يُجرد | K72: 0 | L72: 2
A73: 0005381 | B73: [0005381] OTRIVIN DOSING SPRAY 0.1% 10ML | C73: دواء | E73: =L73-K73 | F73: 0 | G73: =F73-E73 | H73: 16.55 | I73: =G73*H73 | J73: لم يُجرد | K73: 0 | L73: 55
A74: 0005694 | B74: [0005694] MEVA 135MG TAB WASFA | C74: دواء | D74: 010628512800061110um | E74: =L74-K74 | F74: 0 | G74: =F74-E74 | H74: 15.8 | I74: =G74*H74 | J74: لم يُجرد | K74: 0 | L74: 92.25
A75: 0005643 | B75: [0005643] MARNYS FRESH ROYAL JELLY 1000MG 30CAPS | C75: دواء | D75: 8410885075239 | E75: =L75-K75 | F75: 0 | G75: =F75-E75 | H75: 195 | I75: =G75*H75 | J75: لم يُجرد | K75: 0 | L75: 7
A76: 00040738 | B76: [00040738] WEGOVY 1.7 MG PEN | C76: دواء | E76: =L76-K76 | F76: 0 | G76: =F76-E76 | H76: 818.45 | I76: =G76*H76 | J76: لم يُجرد | K76: 0 | L76: 1
A77: 0003674 | B77: [0003674] FUCICORT CREAM 30 GM | C77: دواء | D77: 05702191028096 | E77: =L77-K77 | F77: 0 | G77: =F77-E77 | H77: 38.5 | I77: =G77*H77 | J77: لم يُجرد | K77: 0 | L77: 24
A78: 0003682 | B78: [0003682] FUSIBACT B CREAM 15GM | C78: دواء | D78: 06285128000468 | E78: =L78-K78 | F78: 0 | G78: =F78-E78 | H78: 12.9 | I78: =G78*H78 | J78: لم يُجرد | K78: 0 | L78: 95
A79: 00019948 | B79: [00019948] TRIOLITE CREAM 30G WASFA | C79: دواء | E79: =L79-K79 | F79: 0 | G79: =F79-E79 | H79: 63.09 | I79: =G79*H79 | J79: لم يُجرد | K79: 0 | L79: 14
A80: 0005546 | B80: [0005546] NEO HEALER 10SUPP | C80: دواء | D80: 06251159028450 | E80: =L80-K80 | F80: 0 | G80: =F80-E80 | H80: 72 | I80: =G80*H80 | J80: لم يُجرد | K80: 0 | L80: 18
A81: 0005854 | B81: [0005854] AVALON AVOCOM AQUEOUS NASAL SPRAY | C81: دواء | D81: 06285095005374 | E81: =L81-K81 | F81: 0 | G81: =F81-E81 | H81: 41.6 | I81: =G81*H81 | J81: لم يُجرد | K81: 0 | L81: 21
A82: 00016288 | B82: [00016288] COMFY OLIVE CRM 100GM | C82: دواء | D82: 06285128007849 | E82: =L82-K82 | F82: 0 | G82: =F82-E82 | H82: 41.8 | I82: =G82*H82 | J82: لم يُجرد | K82: 0 | L82: 32
A83: 0003801 | B83: [0003801] FEROGLOBIN 30 CAPS | C83: دواء | D83: 5021265231140 | E83: =L83-K83 | F83: 0 | G83: =F83-E83 | H83: 25.2 | I83: =G83*H83 | J83: لم يُجرد | K83: 0 | L83: 40
A84: 0005824 | B84: [0005824] LOXTRA EYE DROP | C84: دواء | D84: 06285128000581 | E84: =L84-K84 | F84: 0 | G84: =F84-E84 | H84: 18.1 | I84: =G84*H84 | J84: لم يُجرد | K84: 0 | L84: 47
A85: 0005014 | B85: [0005014] DUSPATALIN RET. 200MG 30CAP**** | C85: دواء | D85: 08002660016317 | E85: =L85-K85 | F85: 0 | G85: =F85-E85 | H85: 48.15 | I85: =G85*H85 | J85: لم يُجرد | K85: 0 | L85: 17.65
A86: 00046976 | B86: [00046976] DEXCOM ONE+RECEIVER | C86: دواء | D86: 0100386270003843241s | E86: =L86-K86 | F86: 0 | G86: =F86-E86 | H86: 817 | I86: =G86*H86 | J86: لم يُجرد | K86: 0 | L86: 1
A87: 00043117 | B87: [00043117] RISEK PLUS 30 CAP | C87: دواء | D87: 06291107473734 | E87: =L87-K87 | F87: 0 | G87: =F87-E87 | H87: 89.2 | I87: =G87*H87 | J87: لم يُجرد | K87: 0 | L87: 9
A88: 00025181 | B88: [00025181] BUFOMIX EASY HALER 160/4.5MCG | C88: دواء | D88: 06285101004056 | E88: =L88-K88 | F88: 0 | G88: =F88-E88 | H88: 158 | I88: =G88*H88 | J88: لم يُجرد | K88: 0 | L88: 5
A89: 00045144 | B89: [00045144] CYSTINE B6 ZINC 120TAB BIORGA 1472 | C89: دواء | D89: 3660398501472 | E89: =L89-K89 | F89: 0 | G89: =F89-E89 | H89: 115.4 | I89: =G89*H89 | J89: لم يُجرد | K89: 0 | L89: 7
A90: 00024232 | B90: [00024232] JP ASHWAG 300MG 50CAP | C90: دواء | D90: 06285128015080 | E90: =L90-K90 | F90: 0 | G90: =F90-E90 | H90: 86 | I90: =G90*H90 | J90: لم يُجرد | K90: 0 | L90: 9
A91: 00014722 | B91: [00014722] NEUROBION 30TAB | C91: دواء | E91: =L91-K91 | F91: 0 | G91: =F91-E91 | H91: 23.3 | I91: =G91*H91 | J91: لم يُجرد | K91: 0 | L91: 35
A92: 0005121 | B92: [0005121] PROTON 40MG 28TAB | C92: دواء | E92: =L92-K92 | F92: 0 | G92: =F92-E92 | H92: 78 | I92: =G92*H92 | J92: لم يُجرد | K92: 0 | L92: 10
A93: 00019505 | B93: [00019505] LICAN CREAM 30GM | C93: دواء | E93: =L93-K93 | F93: 0 | G93: =F93-E93 | H93: 58.8 | I93: =G93*H93 | J93: لم يُجرد | K93: 0 | L93: 17
A94: 0005395 | B94: [0005395] AVALON AVOCOM M CREAM 30GM | C94: دواء | D94: 06285095004698 | E94: =L94-K94 | F94: 0 | G94: =F94-E94 | H94: 23 | I94: =G94*H94 | J94: لم يُجرد | K94: 0 | L94: 35
A95: 00043263 | B95: [00043263] TOPFEROL 50000 VTAMIN D 20 TAB | C95: دواء | E95: =L95-K95 | F95: 0 | G95: =F95-E95 | H95: 44.6 | I95: =G95*H95 | J95: لم يُجرد | K95: 0 | L95: 18
A96: 00030150 | B96: [00030150] FLEXALL ULTRA 500/500/72 MG TAB | C96: دواء | D96: 06285128005326 | E96: =L96-K96 | F96: 0 | G96: =F96-E96 | H96: 109.2 | I96: =G96*H96 | J96: لم يُجرد | K96: 0 | L96: 7
A97: 00028746 | B97: [00028746] ZZZQUIL NATURA 60 CAP | C97: دواء | D97: 8006540908259 | E97: =L97-K97 | F97: 0 | G97: =F97-E97 | H97: 138.31 | I97: =G97*H97 | J97: لم يُجرد | K97: 0 | L97: 6
A98: 0003807 | B98: [0003807] FEROSE F 30 TAB | C98: دواء | E98: =L98-K98 | F98: 0 | G98: =F98-E98 | H98: 19.4 | I98: =G98*H98 | J98: لم يُجرد | K98: 0 | L98: 41
A99: 0005052 | B99: [0005052] ROFENAC 50 MG 20 TAB | C99: دواء | E99: =L99-K99 | F99: 0 | G99: =F99-E99 | H99: 19.8 | I99: =G99*H99 | J99: لم يُجرد | K99: 0 | L99: 40
A100: 0005665 | B100: [0005665] MEBO OINTMENT 75 GM | C100: دواء | D100: 06291100082223 | E100: =L100-K100 | F100: 0 | G100: =F100-E100 | H100: 125 | I100: =G100*H100 | J100: لم يُجرد | K100: 0 | L100: 6
...

Sheet باركود غير معرّف
A1: الباركود | B1: الكمية | C1: أول مسح | D1: المواقع

Sheet سجل المسح
A1: # | B1: الوقت | C1: الباركود | D1: الكود | E1: الصنف | F1: الكمية | G1: النوع | H1: الموقع | I1: القائم بالجرد
A2: 1 | B2: 2026-10-06 03:17 | C2: 0005454 | D2: 0005454 | E2: [0005454] NIZORAL SHAMPOO 100ML | F2: 31 | G2: مسح | I2: يحى زقزوق
A3: 2 | B3: 2026-10-06 03:22 | C3: 0003663 | D3: 0003663 | E3: [0003663] FLUDREX 24 TAB | F3: 100 | G3: مسح | I3: يحى زقزوق
A4: 3 | B4: 2026-10-06 03:23 | C4: 0003663 | D4: 0003663 | E4: [0003663] FLUDREX 24 TAB | F4: 32 | G4: مسح | H4: رف 4 | I4: يحى زقزوق
